N°,id,status,all_images,aired_episodes,seen_episodes,up_to_date,runtime,name
1,70350,Ended,https://dg31sz3gwrwan.cloudfront.net/poster/70350/919091-0-optimized.jpg,26,0,False,25,Neon Genesis Evangelion
2,70862,Ended,https://dg31sz3gwrwan.cloudfront.net/poster/70862/959773-0-optimized.jpg,26,0,False,30,Vampire Princess Miyu
3,70863,Ended,https://dg31sz3gwrwan.cloudfront.net/poster/70863/1379582-0-optimized.jpg,95,0,False,25,Rurouni Kenshin
4,70900,Ended,https://dg31sz3gwrwan.cloudfront.net/poster/70900/62058228-0-optimized.jpg,82,0,False,30,Initial D
5,71278,Ended,https://dg31sz3gwrwan.cloudfront.net/poster/71278/62710786-0-optimized.jpg,13,0,False,25,Hellsing
6,71361,Ended,https://dg31sz3gwrwan.cloudfront.net/poster/71361/932930-0-optimized.jpg,193,0,False,25,InuYasha
7,71742,Ended,https://dg31sz3gwrwan.cloudfront.net/poster/71742/957686-0-optimized.jpg,12,0,False,25,Boogiepop Phantom
8,72408,Ended,https://dg31sz3gwrwan.cloudfront.net/poster/72408/1343590-0-optimized.jpg,6,0,False,25,Golden Boy
9,72454,Continuing,https://dg31sz3gwrwan.cloudfront.net/poster/72454/1220897-0-optimized.jpg,1037,0,False,25,Detective Conan
10,72775,Ended,https://dg31sz3gwrwan.cloudfront.net/poster/72775/62002613-0-optimized.jpg,291,0,False,25,Saint Seiya
11,72842,Ended,https://dg31sz3gwrwan.cloudfront.net/poster/72842/935051-0-optimized.jpg,13,0,False,30,Ninja Scroll: The Series
12,72877,Ended,https://dg31sz3gwrwan.cloudfront.net/poster/72877/239411-0-optimized.jpg,140,0,False,25,City Hunter
13,72902,Ended,https://dg31sz3gwrwan.cloudfront.net/poster/72902/1109124-0-optimized.jpg,47,0,False,25,Last Exile
14,73749,Continuing,https://dg31sz3gwrwan.cloudfront.net/poster/73749/62721-0-optimized.jpg,64,0,False,25,Ghost in the Shell: Stand Alone Complex
15,73752,Ended,https://dg31sz3gwrwan.cloudfront.net/poster/73752/919479-0-optimized.jpg,25,0,False,24,Berserk
16,74280,Ended,https://dg31sz3gwrwan.cloudfront.net/poster/74280/62361348-0-optimized.jpg,95,0,False,25,Code Lyoko
17,74599,Ended,https://dg31sz3gwrwan.cloudfront.net/poster/74599/238191-0-optimized.jpg,74,0,False,25,Monster
18,74796,Ended,https://dg31sz3gwrwan.cloudfront.net/poster/74796/166931-0-optimized.jpg,366,73,False,25,Bleach
20,74957,Ended,https://dg31sz3gwrwan.cloudfront.net/poster/74957/410301-0-optimized.jpg,13,0,False,25,Requiem from the Darkness
21,75579,Ended,https://dg31sz3gwrwan.cloudfront.net/poster/75579/26915-0-optimized.jpg,51,0,False,25,Fullmetal Alchemist
22,76023,Ended,https://dg31sz3gwrwan.cloudfront.net/poster/76023/956299-0-optimized.jpg,52,0,False,25,Tsubasa: RESERVoir CHRoNiCLE
23,76665,Ended,https://dg31sz3gwrwan.cloudfront.net/poster/76665/919480-0-optimized.jpg,112,0,False,25,Yu Yu Hakusho
24,76666,Ended,https://dg31sz3gwrwan.cloudfront.net/poster/76666/1128132-0-optimized.jpg,153,0,False,25,Dragon Ball
25,76703,Continuing,https://dg31sz3gwrwan.cloudfront.net/poster/76703/698911-0-optimized.jpg,1181,0,False,25,Pokémon
27,76894,Ended,https://dg31sz3gwrwan.cloudfront.net/poster/76894/452531-0-optimized.jpg,224,0,False,25,Yu-Gi-Oh! Duel Monsters
28,77625,Ended,https://dg31sz3gwrwan.cloudfront.net/poster/77625/1150319-0-optimized.jpg,156,0,False,25,Totally Spies!
29,77680,Ended,https://dg31sz3gwrwan.cloudfront.net/poster/77680/40682-0-optimized.jpg,26,0,False,25,Trigun
30,78500,Ended,https://dg31sz3gwrwan.cloudfront.net/poster/78500/1126113-0-optimized.jpg,200,0,False,25,Sailor Moon
31,78783,Ended,https://dg31sz3gwrwan.cloudfront.net/poster/78783/534301-0-optimized.jpg,117,0,False,25,The Mysterious Cities of Gold
32,78814,Ended,https://dg31sz3gwrwan.cloudfront.net/poster/78814/310401-0-optimized.jpg,13,0,False,25,Serial Experiments Lain
33,78857,Ended,https://dg31sz3gwrwan.cloudfront.net/poster/78857/62555394-0-optimized.jpg,220,0,False,25,Naruto
34,78881,Ended,https://dg31sz3gwrwan.cloudfront.net/poster/78881/483251-0-optimized.jpg,48,0,False,25,Basilisk
35,78900,Ended,https://dg31sz3gwrwan.cloudfront.net/poster/78900/36713-0-optimized.jpg,26,0,False,25,Fruits Basket
37,78933,Ended,https://dg31sz3gwrwan.cloudfront.net/poster/78933/901152-0-optimized.jpg,26,0,False,25,Samurai Deeper Kyo
38,78947,Ended,https://dg31sz3gwrwan.cloudfront.net/poster/78947/39650-0-optimized.jpg,26,0,False,25,Noir
39,78960,Ended,https://dg31sz3gwrwan.cloudfront.net/poster/78960/32693-0-optimized.jpg,50,0,False,25,Blood+
40,79046,Ended,https://dg31sz3gwrwan.cloudfront.net/poster/79046/965106-0-optimized.jpg,12,0,False,25,Gunparade March
42,79089,Ended,https://dg31sz3gwrwan.cloudfront.net/poster/79089/62633089-0-optimized.jpg,26,0,False,25,Samurai Champloo
43,79127,Ended,https://dg31sz3gwrwan.cloudfront.net/poster/79127/1091916-0-optimized.jpg,26,0,False,25,Samurai 7
45,79156,Ended,https://dg31sz3gwrwan.cloudfront.net/poster/79156/893481-0-optimized.jpg,152,0,False,25,Fist of the North Star
46,79228,Ended,https://dg31sz3gwrwan.cloudfront.net/poster/79228/695541-0-optimized.jpg,23,0,False,25,Ergo Proxy
47,79476,Ended,https://dg31sz3gwrwan.cloudfront.net/poster/79476/871250-0-optimized.jpg,13,0,False,25,Carried by the Wind: Tsukikage Ran
48,79481,Ended,https://dg31sz3gwrwan.cloudfront.net/poster/79481/955347-0-optimized.jpg,37,0,False,22,Death Note
49,79525,Ended,https://dg31sz3gwrwan.cloudfront.net/poster/79525/62597854-0-optimized.jpg,50,0,False,25,Code Geass: Lelouch of the Rebellion
50,79540,Ended,https://dg31sz3gwrwan.cloudfront.net/poster/79540/1077446-0-optimized.jpg,26,0,False,25,Intrigue in the Bakumatsu: Irohanihoheto
51,79588,Ended,https://dg31sz3gwrwan.cloudfront.net/poster/79588/480941-0-optimized.jpg,26,0,False,25,Shonen Onmyouji
52,79604,Ended,https://dg31sz3gwrwan.cloudfront.net/poster/79604/29897-0-optimized.jpg,24,0,False,25,Black Lagoon
53,79635,Ended,https://dg31sz3gwrwan.cloudfront.net/poster/79635/1130677-0-optimized.jpg,103,0,False,25,D.Gray-man
54,79685,Ended,https://dg31sz3gwrwan.cloudfront.net/poster/79685/1209761-0-optimized.jpg,126,0,False,25,Hajime no Ippo
55,79755,Ended,https://dg31sz3gwrwan.cloudfront.net/poster/79755/62624569-0-optimized.jpg,5,0,False,25,Afro Samurai
56,79895,Ended,https://dg31sz3gwrwan.cloudfront.net/poster/79895/1260744-0-optimized.jpg,367,0,False,25,Gintama
57,79995,Ended,https://dg31sz3gwrwan.cloudfront.net/poster/79995/32327-0-optimized.jpg,26,0,False,25,Claymore
58,80042,Ended,https://dg31sz3gwrwan.cloudfront.net/poster/80042/40940-0-optimized.jpg,37,0,False,25,Darker Than Black
59,80096,Ended,https://dg31sz3gwrwan.cloudfront.net/poster/80096/932675-0-optimized.jpg,27,0,False,25,Gurren Lagann
60,80198,Ended,https://dg31sz3gwrwan.cloudfront.net/poster/80198/61571-0-optimized.jpg,88,0,False,60,The Universe
61,80421,Ended,https://dg31sz3gwrwan.cloudfront.net/poster/80421/62965804-0-optimized.jpg,13,0,False,25,Baccano!
62,80644,Ended,https://dg31sz3gwrwan.cloudfront.net/poster/80644/62527879-0-optimized.jpg,46,0,False,25,Clannad
63,80742,Ended,https://dg31sz3gwrwan.cloudfront.net/poster/80742/298201-0-optimized.jpg,47,0,False,25,Nana
64,80975,Ended,https://dg31sz3gwrwan.cloudfront.net/poster/80975/192591-0-optimized.jpg,203,0,False,25,Katekyo Hitman Reborn!
65,81108,Ended,https://dg31sz3gwrwan.cloudfront.net/poster/81108/473371-0-optimized.jpg,38,0,False,25,Big Windup!
66,81731,Ended,https://dg31sz3gwrwan.cloudfront.net/poster/81731/869869-0-optimized.jpg,598,0,False,25,It's Not Rocket Science!
67,81751,Ended,https://dg31sz3gwrwan.cloudfront.net/poster/81751/62628632-0-optimized.jpg,51,0,False,25,Soul Eater
68,81797,Continuing,https://dg31sz3gwrwan.cloudfront.net/poster/81797/62234269-0-optimized.jpg,1010,1000,False,25,One Piece
69,81811,Ended,https://dg31sz3gwrwan.cloudfront.net/poster/81811/298181-0-optimized.jpg,26,0,False,25,Nabari no Ou
70,81816,Ended,https://dg31sz3gwrwan.cloudfront.net/poster/81816/62304847-0-optimized.jpg,26,0,False,30,Vampire Knight
71,81855,Ended,https://dg31sz3gwrwan.cloudfront.net/poster/81855/935154-0-optimized.jpg,6,0,False,25,Prince of Tennis: The National Tournament Semifinals
72,82498,Ended,https://dg31sz3gwrwan.cloudfront.net/poster/82498/1112738-0-optimized.jpg,13,0,False,25,Blade of the Immortal
73,82970,Ended,https://dg31sz3gwrwan.cloudfront.net/poster/82970/356001-0-optimized.jpg,4,0,False,25,Pet Shop of Horrors
74,83268,Ended,https://dg31sz3gwrwan.cloudfront.net/poster/83268/62119823-0-optimized.jpg,133,0,False,25,Star Wars: The Clone Wars
75,83277,Ended,https://dg31sz3gwrwan.cloudfront.net/poster/83277/963401-0-optimized.jpg,25,0,False,25,Toradora!
76,83322,Ended,https://dg31sz3gwrwan.cloudfront.net/poster/83322/62581726-0-optimized.jpg,74,0,False,25,A Certain Magical Index
77,83335,Ended,https://dg31sz3gwrwan.cloudfront.net/poster/83335/1129137-0-optimized.jpg,26,0,False,25,Tales of the Abyss
78,83408,Ended,https://dg31sz3gwrwan.cloudfront.net/poster/83408/939976-0-optimized.jpg,12,0,False,25,Kurozuka
79,83475,Ended,https://dg31sz3gwrwan.cloudfront.net/poster/83475/991209-0-optimized.jpg,22,0,False,23,Michiko & Hatchin
80,83888,Ended,https://dg31sz3gwrwan.cloudfront.net/poster/83888/1289074-0-optimized.jpg,78,52,False,25,Galactik Football
81,83996,Ended,https://dg31sz3gwrwan.cloudfront.net/poster/83996/862362-0-optimized.jpg,46,0,False,25,Black Butler
82,84045,Ended,https://dg31sz3gwrwan.cloudfront.net/poster/84045/859875-0-optimized.jpg,227,0,False,25,Captain Tsubasa
83,84561,Ended,https://dg31sz3gwrwan.cloudfront.net/poster/84561/957197-0-optimized.jpg,23,0,False,25,Kurokami The Animation
84,84573,Ended,https://dg31sz3gwrwan.cloudfront.net/poster/84573/393291-0-optimized.jpg,12,0,False,25,Samurai Harem
85,84709,Ended,https://dg31sz3gwrwan.cloudfront.net/poster/84709/1385010-0-optimized.jpg,6,0,False,15,Time of Eve
86,85249,Ended,https://dg31sz3gwrwan.cloudfront.net/poster/85249/1011592-0-optimized.jpg,64,0,False,25,Fullmetal Alchemist: Brotherhood
87,87861,Ended,https://dg31sz3gwrwan.cloudfront.net/poster/87861/896565-0-optimized.jpg,25,0,False,25,Pandora Hearts
88,87881,Ended,https://dg31sz3gwrwan.cloudfront.net/poster/87881/65611-0-optimized.jpg,36,0,False,25,Sengoku Basara
89,102261,Ended,https://dg31sz3gwrwan.cloudfront.net/poster/102261/967082-0-optimized.jpg,68,0,False,25,Monogatari
90,103321,Ended,https://dg31sz3gwrwan.cloudfront.net/poster/103321/1146185-0-optimized.jpg,11,0,False,25,Tokyo Magnitude 8.0
91,109061,Ended,https://dg31sz3gwrwan.cloudfront.net/poster/109061/332801-0-optimized.jpg,12,0,False,23,Shigurui: Death Frenzy
92,117801,Ended,https://dg31sz3gwrwan.cloudfront.net/poster/117801/938008-0-optimized.jpg,37,0,False,25,Kimi ni Todoke: From Me To You
93,132941,Ended,https://dg31sz3gwrwan.cloudfront.net/poster/132941/62077737-0-optimized.jpg,12,0,False,50,Katanagatari
95,146401,Ended,https://dg31sz3gwrwan.cloudfront.net/poster/146401/62438830-0-optimized.jpg,268,127,False,25,Inazuma Eleven
96,150471,Ended,https://dg31sz3gwrwan.cloudfront.net/poster/150471/954086-0-optimized.jpg,13,0,False,25,Angel Beats!
97,156821,Ended,https://dg31sz3gwrwan.cloudfront.net/poster/156821/447181-0-optimized.jpg,12,0,False,25,House of Five Leaves
98,162711,Ended,https://dg31sz3gwrwan.cloudfront.net/poster/162711/474431-0-optimized.jpg,8,0,False,25,Black Rock Shooter
99,171591,Ended,https://dg31sz3gwrwan.cloudfront.net/poster/171591/934847-0-optimized.jpg,12,0,False,25,High School of the Dead
100,172941,Ended,https://dg31sz3gwrwan.cloudfront.net/poster/172941/529301-0-optimized.jpg,22,0,False,25,Shiki
101,193811,Ended,https://dg31sz3gwrwan.cloudfront.net/poster/193811/879576-0-optimized.jpg,75,0,False,25,Bakuman
102,195231,Ended,https://dg31sz3gwrwan.cloudfront.net/poster/195231/631981-0-optimized.jpg,12,0,False,25,Yosuga no Sora
103,195271,Ended,https://dg31sz3gwrwan.cloudfront.net/poster/195271/678841-0-optimized.jpg,13,0,False,25,Zakuro
104,197731,Ended,https://dg31sz3gwrwan.cloudfront.net/poster/197731/857445-0-optimized.jpg,11,0,False,23,Princess Jellyfish
105,219181,Ended,https://dg31sz3gwrwan.cloudfront.net/poster/219181/62555536-0-optimized.jpg,12,0,False,25,Puella Magi Madoka Magica
106,221281,Ended,https://dg31sz3gwrwan.cloudfront.net/poster/221281/849001-0-optimized.jpg,11,0,False,25,Wandering Son
107,239951,Ended,https://dg31sz3gwrwan.cloudfront.net/poster/239951/858094-0-optimized.jpg,11,0,False,25,[C] The Money of Soul and Possibility Control
109,246381,Continuing,https://dg31sz3gwrwan.cloudfront.net/poster/246381/848861-0-optimized.jpg,25,0,False,24,Tiger & Bunny
110,247231,Ended,https://dg31sz3gwrwan.cloudfront.net/poster/247231/935703-0-optimized.jpg,147,0,False,25,Toriko
111,247934,Ended,https://dg31sz3gwrwan.cloudfront.net/poster/247934/1169418-0-optimized.jpg,12,0,False,25,Ground Control to Psychoelectric Girl
112,247997,Ended,https://dg31sz3gwrwan.cloudfront.net/poster/247997/904109-0-optimized.jpg,12,0,False,25,Deadman Wonderland
113,248027,Ended,https://dg31sz3gwrwan.cloudfront.net/poster/248027/858130-0-optimized.jpg,39,0,False,25,Hyouge Mono
115,248049,Ended,https://dg31sz3gwrwan.cloudfront.net/poster/248049/871425-0-optimized.jpg,146,0,False,25,Yu-Gi-Oh! Zexal
116,249827,Ended,https://dg31sz3gwrwan.cloudfront.net/poster/249827/909939-0-optimized.jpg,26,0,False,25,The Future Diary
117,249864,Ended,https://dg31sz3gwrwan.cloudfront.net/poster/249864/956710-0-optimized.jpg,12,0,False,25,Blood-C
118,249874,Ended,https://dg31sz3gwrwan.cloudfront.net/poster/249874/869415-0-optimized.jpg,12,0,False,25,A Dark Rabbit Has Seven Lives
119,250030,Ended,https://dg31sz3gwrwan.cloudfront.net/poster/250030/887202-0-optimized.jpg,11,0,False,25,No. 6
120,251085,Ended,https://dg31sz3gwrwan.cloudfront.net/poster/251085/1032574-0-optimized.jpg,52,0,False,22,The Legend of Korra
124,252471,Ended,https://dg31sz3gwrwan.cloudfront.net/poster/252471/891723-0-optimized.jpg,22,0,False,25,Guilty Crown
125,253323,Continuing,https://dg31sz3gwrwan.cloudfront.net/poster/253323/1045753-0-optimized.jpg,180,0,False,25,LEGO Ninjago
126,253463,Ended,https://dg31sz3gwrwan.cloudfront.net/poster/253463/1158937-0-optimized.jpg,21,6,False,60,Black Mirror
127,254349,Ended,https://dg31sz3gwrwan.cloudfront.net/poster/254349/934790-0-optimized.jpg,12,0,False,25,Another
128,254658,Ended,https://dg31sz3gwrwan.cloudfront.net/poster/254658/62271774-0-optimized.jpg,10,0,False,25,Kyousougiga
129,254661,Ended,https://dg31sz3gwrwan.cloudfront.net/poster/254661/925039-0-optimized.jpg,12,0,False,25,Daily Lives of High School Boys
130,254665,Ended,https://dg31sz3gwrwan.cloudfront.net/poster/254665/891323-0-optimized.jpg,12,0,False,25,Brave 10
131,255133,Ended,https://dg31sz3gwrwan.cloudfront.net/poster/255133/1283531-0-optimized.jpg,12,0,False,25,Inu × Boku Secret Service
132,257518,Ended,https://dg31sz3gwrwan.cloudfront.net/poster/257518/1050882-0-optimized.jpg,12,0,False,25,Sankarea: Undying Love
133,257763,Ended,https://dg31sz3gwrwan.cloudfront.net/poster/257763/1186160-0-optimized.jpg,12,0,False,25,Tsuritama
134,257765,Ended,https://dg31sz3gwrwan.cloudfront.net/poster/257765/62520674-0-optimized.jpg,75,0,False,25,Kuroko's Basketball
135,259635,Continuing,https://dg31sz3gwrwan.cloudfront.net/poster/259635/915265-0-optimized.jpg,103,0,False,25,Kingdom (2012)
136,259640,Ended,https://dg31sz3gwrwan.cloudfront.net/poster/259640/62518902-0-optimized.jpg,96,36,False,25,Sword Art Online
137,259649,Ended,https://dg31sz3gwrwan.cloudfront.net/poster/259649/1169158-0-optimized.jpg,12,0,False,25,Aesthetica of a Rogue Hero
138,261202,Ended,https://dg31sz3gwrwan.cloudfront.net/poster/261202/1034053-0-optimized.jpg,118,0,False,25,Dragons
139,261249,Ended,https://dg31sz3gwrwan.cloudfront.net/poster/261249/1093220-0-optimized.jpg,26,0,False,25,K
140,261862,Ended,https://dg31sz3gwrwan.cloudfront.net/poster/261862/62430472-0-optimized.jpg,24,0,False,25,"Love, Chunibyo & Other Delusions!"
141,262090,Ended,https://dg31sz3gwrwan.cloudfront.net/poster/262090/955066-0-optimized.jpg,41,0,False,25,Psycho-Pass
143,262107,Ended,https://dg31sz3gwrwan.cloudfront.net/poster/262107/1364273-0-optimized.jpg,13,0,False,25,My Little Monster
144,262109,Ended,https://dg31sz3gwrwan.cloudfront.net/poster/262109/924778-0-optimized.jpg,24,0,False,25,Blast of Tempest
145,262114,Ended,https://dg31sz3gwrwan.cloudfront.net/poster/262114/925462-0-optimized.jpg,24,0,False,25,The Pet Girl of Sakurasou
147,262954,Continuing,https://dg31sz3gwrwan.cloudfront.net/poster/262954/1005222-0-optimized.jpg,164,0,False,25,JoJo's Bizarre Adventure (2012)
148,263999,Continuing,https://dg31sz3gwrwan.cloudfront.net/poster/263999/62426953-0-optimized.jpg,106,79,False,20,RWBY
149,264528,Ended,https://dg31sz3gwrwan.cloudfront.net/poster/264528/1019764-0-optimized.jpg,12,0,False,25,Unlimited Psychic Squad
150,264533,Ended,https://dg31sz3gwrwan.cloudfront.net/poster/264533/1069779-0-optimized.jpg,26,0,False,25,Love Live!
151,267439,Ended,https://dg31sz3gwrwan.cloudfront.net/poster/267439/950345-0-optimized.jpg,26,0,False,25,Mushibugyou
153,267441,Continuing,https://dg31sz3gwrwan.cloudfront.net/poster/267441/62633071-0-optimized.jpg,13,0,False,24,The Devil Is a Part-Timer!
154,267996,Ended,https://dg31sz3gwrwan.cloudfront.net/poster/267996/948992-0-optimized.jpg,12,0,False,21,Yu-Gi-Oh! Capsule Monsters
155,270065,Ended,https://dg31sz3gwrwan.cloudfront.net/poster/270065/1081204-0-optimized.jpg,37,0,False,25,Free!
156,270066,Ended,https://dg31sz3gwrwan.cloudfront.net/poster/270066/958505-0-optimized.jpg,12,0,False,25,Devils and Realist
157,272074,Ended,https://dg31sz3gwrwan.cloudfront.net/poster/272074/981341-0-optimized.jpg,24,0,False,25,Kill la Kill
160,272137,Ended,https://dg31sz3gwrwan.cloudfront.net/poster/272137/1088504-0-optimized.jpg,12,0,False,25,Wanna Be the Strongest in the World
161,272309,Ended,https://dg31sz3gwrwan.cloudfront.net/poster/272309/979122-0-optimized.jpg,112,0,False,25,Yowamushi Pedal
162,272697,Ended,https://dg31sz3gwrwan.cloudfront.net/poster/272697/981505-0-optimized.jpg,12,0,False,25,Beyond the Boundary
163,272849,Ended,https://dg31sz3gwrwan.cloudfront.net/poster/272849/982081-0-optimized.jpg,26,0,False,25,Space Dandy
164,273005,Continuing,https://dg31sz3gwrwan.cloudfront.net/poster/273005/1260749-0-optimized.jpg,178,0,False,25,Ace of Diamond
165,273616,Ended,https://dg31sz3gwrwan.cloudfront.net/poster/273616/1132556-0-optimized.jpg,4,0,False,25,Pokémon: Origins
166,275610,Ended,https://dg31sz3gwrwan.cloudfront.net/poster/275610/62632927-0-optimized.jpg,25,0,False,24,Noragami
167,275670,Ended,https://dg31sz3gwrwan.cloudfront.net/poster/275670/62249363-0-optimized.jpg,32,0,False,25,Nisekoi
169,276890,Ended,https://dg31sz3gwrwan.cloudfront.net/poster/276890/1132124-0-optimized.jpg,13,0,False,25,Black Bullet
170,278126,Ended,https://dg31sz3gwrwan.cloudfront.net/poster/278126/1104085-0-optimized.jpg,12,0,False,25,Riddle Story of Devil
171,278127,Ended,https://dg31sz3gwrwan.cloudfront.net/poster/278127/62514846-0-optimized.jpg,22,0,False,25,Chaika the Coffin Princess
173,278157,Continuing,https://dg31sz3gwrwan.cloudfront.net/poster/278157/1262732-0-optimized.jpg,85,73,False,24,Haikyu!!
174,278329,Continuing,https://dg31sz3gwrwan.cloudfront.net/poster/278329/62062043-0-optimized.jpg,39,0,False,24,The Irregular at Magic High School
176,279827,Ended,https://dg31sz3gwrwan.cloudfront.net/poster/279827/1006010-0-optimized.jpg,24,0,False,25,Aldnoah.Zero
177,279828,Ended,https://dg31sz3gwrwan.cloudfront.net/poster/279828/1035901-0-optimized.jpg,26,0,False,25,Terra Formars
179,279831,Ended,https://dg31sz3gwrwan.cloudfront.net/poster/279831/1067405-0-optimized.jpg,24,0,False,23,Parasyte -the maxim-
180,279986,Ended,https://dg31sz3gwrwan.cloudfront.net/poster/279986/1111285-0-optimized.jpg,11,0,False,25,Terror in Resonance
181,280329,Ended,https://dg31sz3gwrwan.cloudfront.net/poster/280329/62624680-0-optimized.jpg,24,0,False,25,Akame ga Kill!
182,280330,Ended,https://dg31sz3gwrwan.cloudfront.net/poster/280330/1186027-0-optimized.jpg,13,0,False,24,Amagi Brilliant Park
184,281643,Ended,https://dg31sz3gwrwan.cloudfront.net/poster/281643/1061482-0-optimized.jpg,10,0,False,11,Over the Garden Wall
185,281949,Ended,https://dg31sz3gwrwan.cloudfront.net/poster/281949/1220883-0-optimized.jpg,23,0,False,25,The Fruit of Grisaia
186,283611,Ended,https://dg31sz3gwrwan.cloudfront.net/poster/283611/1066078-0-optimized.jpg,26,0,False,15,Ninja Slayer From Animation
187,283679,Continuing,https://dg31sz3gwrwan.cloudfront.net/poster/283679/1024609-0-optimized.jpg,28,0,False,120,Jamy's World
188,283934,Continuing,https://dg31sz3gwrwan.cloudfront.net/poster/283934/1038370-0-optimized.jpg,99,0,False,25,World Trigger
189,283942,Ended,https://dg31sz3gwrwan.cloudfront.net/poster/283942/62716769-0-optimized.jpg,24,0,False,25,Yona of the Dawn
191,283961,Ended,https://dg31sz3gwrwan.cloudfront.net/poster/283961/1089374-0-optimized.jpg,12,0,False,25,Gangsta.
192,284131,Ended,https://dg31sz3gwrwan.cloudfront.net/poster/284131/62487175-0-optimized.jpg,96,56,False,24,The Seven Deadly Sins
193,284133,Ended,https://dg31sz3gwrwan.cloudfront.net/poster/284133/1069265-0-optimized.jpg,36,0,False,25,Rage of Bahamut
194,289177,Ended,https://dg31sz3gwrwan.cloudfront.net/poster/289177/1115600-0-optimized.jpg,12,0,False,22,Death Parade
195,289590,Ended,https://dg31sz3gwrwan.cloudfront.net/poster/289590/1143518-0-optimized.jpg,45,0,False,50,Mr. Robot
196,289679,Ended,https://dg31sz3gwrwan.cloudfront.net/poster/289679/1170357-0-optimized.jpg,13,0,False,25,Charlotte
197,289744,Ended,https://dg31sz3gwrwan.cloudfront.net/poster/289744/1196885-0-optimized.jpg,12,0,False,25,Yamada-kun and the Seven Witches (2015)
198,289882,Continuing,https://dg31sz3gwrwan.cloudfront.net/poster/289882/1094084-0-optimized.jpg,37,25,False,25,Is It Wrong to Try to Pick Up Girls in a Dungeon?
199,289886,Ended,https://dg31sz3gwrwan.cloudfront.net/poster/289886/1348137-0-optimized.jpg,24,0,False,25,Blood Blockade Battlefront
200,289906,Ended,https://dg31sz3gwrwan.cloudfront.net/poster/289906/1106947-0-optimized.jpg,24,0,False,25,Seraph of the End
201,289907,Ended,https://dg31sz3gwrwan.cloudfront.net/poster/289907/1067516-0-optimized.jpg,12,0,False,25,Punch Line
203,291627,Ended,https://dg31sz3gwrwan.cloudfront.net/poster/291627/62971165-0-optimized.jpg,13,0,False,25,Plastic Memories
204,291630,Ended,https://dg31sz3gwrwan.cloudfront.net/poster/291630/1079898-0-optimized.jpg,33,0,False,25,The Heroic Legend of Arslan (2015)
207,293267,Ended,https://dg31sz3gwrwan.cloudfront.net/poster/293267/1319026-0-optimized.jpg,12,0,False,25,Prison School
208,293996,Ended,https://dg31sz3gwrwan.cloudfront.net/poster/293996/1174500-0-optimized.jpg,24,0,False,25,The Asterisk War: The Academy City on the Water
209,294002,Ended,https://dg31sz3gwrwan.cloudfront.net/poster/294002/1292263-0-optimized.jpg,39,0,False,25,Overlord
211,295222,Ended,https://dg31sz3gwrwan.cloudfront.net/poster/295222/62511674-0-optimized.jpg,24,0,False,25,GATE
212,295243,Ended,https://dg31sz3gwrwan.cloudfront.net/poster/295243/1120490-0-optimized.jpg,12,0,False,23,Rokka: Braves of the Six Flowers
213,295685,Ended,https://dg31sz3gwrwan.cloudfront.net/poster/295685/1152548-0-optimized.jpg,93,0,False,43,Lucifer
214,296072,Ended,https://dg31sz3gwrwan.cloudfront.net/poster/296072/1075589-0-optimized.jpg,11,0,False,23,The Perfect Insider
215,299491,Ended,https://dg31sz3gwrwan.cloudfront.net/poster/299491/1099208-0-optimized.jpg,24,0,False,25,Concrete Revolutio: Superhuman Phantasmagoria
216,299501,Ended,https://dg31sz3gwrwan.cloudfront.net/poster/299501/1130507-0-optimized.jpg,12,0,False,25,Hundred
218,299508,Ended,https://dg31sz3gwrwan.cloudfront.net/poster/299508/1283527-0-optimized.jpg,13,0,False,25,ReLIFE
219,300414,Ended,https://dg31sz3gwrwan.cloudfront.net/poster/300414/1256084-0-optimized.jpg,120,15,False,5,Bloqués
220,300835,Ended,https://dg31sz3gwrwan.cloudfront.net/poster/300835/1148602-0-optimized.jpg,26,0,False,25,Ajin
222,303725,Ended,https://dg31sz3gwrwan.cloudfront.net/poster/303725/1115123-0-optimized.jpg,24,0,False,25,Dagashi Kashi
223,303867,Ended,https://dg31sz3gwrwan.cloudfront.net/poster/303867/1108544-0-optimized.jpg,20,0,False,25,KONOSUBA - God's blessing on this wonderful world!
224,303868,Ended,https://dg31sz3gwrwan.cloudfront.net/poster/303868/1116253-0-optimized.jpg,12,0,False,24,Grimgar of Fantasy and Ash
225,304107,Ended,https://dg31sz3gwrwan.cloudfront.net/poster/304107/1130737-0-optimized.jpg,12,0,False,25,Pandora in the Crimson Shell
226,304479,Ended,https://dg31sz3gwrwan.cloudfront.net/poster/304479/1109737-0-optimized.jpg,24,0,False,25,Spirit Blade Mountain
228,305075,Ended,https://dg31sz3gwrwan.cloudfront.net/poster/305075/1257475-0-optimized.jpg,36,0,False,23,Bungo Stray Dogs
229,305077,Ended,https://dg31sz3gwrwan.cloudfront.net/poster/305077/1129824-0-optimized.jpg,47,0,False,25,Ace Attorney
230,305082,Ended,https://dg31sz3gwrwan.cloudfront.net/poster/305082/62597820-0-optimized.jpg,12,0,False,25,Kabaneri of the Iron Fortress
231,305089,Ended,https://dg31sz3gwrwan.cloudfront.net/poster/305089/62620511-0-optimized.jpg,50,0,False,24,"Re: ZERO, Starting Life in Another World"
233,305679,Ended,https://dg31sz3gwrwan.cloudfront.net/poster/305679/1283533-0-optimized.jpg,12,0,False,25,Kiznaiver
234,306153,Ended,https://dg31sz3gwrwan.cloudfront.net/poster/306153/1116275-0-optimized.jpg,12,0,False,25,Haven't You Heard? I'm Sakamoto
235,306743,Ended,https://dg31sz3gwrwan.cloudfront.net/poster/306743/1118644-0-optimized.jpg,12,0,False,25,High School Fleet
236,307061,Ended,https://dg31sz3gwrwan.cloudfront.net/poster/307061/1119793-0-optimized.jpg,50,0,False,25,Twin Star Exorcists
237,307110,Ended,https://dg31sz3gwrwan.cloudfront.net/poster/307110/1149791-0-optimized.jpg,12,0,False,24,Servamp
239,307868,Ended,https://dg31sz3gwrwan.cloudfront.net/poster/307868/62633022-0-optimized.jpg,13,0,False,24,Orange
240,307899,Ended,https://dg31sz3gwrwan.cloudfront.net/poster/307899/1129618-0-optimized.jpg,76,0,False,25,Voltron: Legendary Defender
241,308030,Ended,https://dg31sz3gwrwan.cloudfront.net/poster/308030/1123086-0-optimized.jpg,25,0,False,25,All Out!!
242,309498,Ended,https://dg31sz3gwrwan.cloudfront.net/poster/309498/1129441-0-optimized.jpg,12,0,False,25,First Love Monster
243,309530,Ended,https://dg31sz3gwrwan.cloudfront.net/poster/309530/1167723-0-optimized.jpg,12,0,False,24,91 Days
245,311014,Ended,https://dg31sz3gwrwan.cloudfront.net/poster/311014/1151243-0-optimized.jpg,25,0,False,25,Tales of Zestiria the X
246,311314,Ended,https://dg31sz3gwrwan.cloudfront.net/poster/311314/1385026-0-optimized.jpg,64,0,False,4,RWBY Chibi
249,313435,Ended,https://dg31sz3gwrwan.cloudfront.net/poster/313435/1240423-0-optimized.jpg,48,0,False,25,The Disastrous Life of Saiki K.
250,313867,Ended,https://dg31sz3gwrwan.cloudfront.net/poster/313867/1160949-0-optimized.jpg,12,0,False,25,"Izetta, The Last Witch"
251,315092,Ended,https://dg31sz3gwrwan.cloudfront.net/poster/315092/1160833-0-optimized.jpg,78,0,False,5,Ninja Girl & Samurai Master
252,315094,Ended,https://dg31sz3gwrwan.cloudfront.net/poster/315094/1154990-0-optimized.jpg,12,0,False,23,Poco's Udon World
253,315103,Ended,https://dg31sz3gwrwan.cloudfront.net/poster/315103/1158574-0-optimized.jpg,25,0,False,25,Nanbaka
254,315164,Ended,https://dg31sz3gwrwan.cloudfront.net/poster/315164/1157970-0-optimized.jpg,12,0,False,25,Keijo!!!!!!!!
255,315500,Ended,https://dg31sz3gwrwan.cloudfront.net/poster/315500/62668301-0-optimized.jpg,12,0,False,23,Saga of Tanya the Evil
256,316815,Ended,https://dg31sz3gwrwan.cloudfront.net/poster/316815/1274153-0-optimized.jpg,12,0,False,25,Magical Girl Raising Project
257,316842,Ended,https://dg31sz3gwrwan.cloudfront.net/poster/316842/1228115-0-optimized.jpg,24,0,False,25,The Ancient Magus' Bride
258,317004,Ended,https://dg31sz3gwrwan.cloudfront.net/poster/317004/1175150-0-optimized.jpg,12,0,False,23,Yuri!!! on Ice
260,317828,Ended,https://dg31sz3gwrwan.cloudfront.net/poster/317828/1215322-0-optimized.jpg,12,0,False,25,Grimoire of Zero
261,317866,Ended,https://dg31sz3gwrwan.cloudfront.net/poster/317866/1161685-0-optimized.jpg,12,0,False,5,Hagane Orchestra
262,318161,Ended,https://dg31sz3gwrwan.cloudfront.net/poster/318161/1261920-0-optimized.jpg,25,0,False,25,Little Witch Academia
263,318893,Ended,https://dg31sz3gwrwan.cloudfront.net/poster/318893/62932499-0-optimized.jpg,25,0,False,24,Miss Kobayashi's Dragon Maid
264,318950,Ended,https://dg31sz3gwrwan.cloudfront.net/poster/318950/1196212-0-optimized.jpg,12,0,False,25,Akashic Records of Bastard Magic Instructor
265,319232,Ended,https://dg31sz3gwrwan.cloudfront.net/poster/319232/1296818-0-optimized.jpg,32,14,False,45,BTS: Bon Voyage
266,319357,Ended,https://dg31sz3gwrwan.cloudfront.net/poster/319357/1320632-0-optimized.jpg,8,0,False,28,Kubikiri Cycle: Aoiro Savant to Zaregoto Tsukai
267,319983,Ended,https://dg31sz3gwrwan.cloudfront.net/poster/319983/1173535-0-optimized.jpg,12,0,False,25,ACCA: 13-Territory Inspection Dept.
268,321532,Ended,https://dg31sz3gwrwan.cloudfront.net/poster/321532/1198899-0-optimized.jpg,24,0,False,25,Tsugumomo
270,321691,Ended,https://dg31sz3gwrwan.cloudfront.net/poster/321691/1210788-0-optimized.jpg,12,0,False,25,DIVE!!
271,323168,Ended,https://dg31sz3gwrwan.cloudfront.net/poster/323168/1182192-0-optimized.jpg,49,26,False,57,13 Reasons Why
272,325091,Continuing,https://dg31sz3gwrwan.cloudfront.net/poster/325091/62816479-0-optimized.jpg,155,0,False,35,Run BTS!
273,325208,Ended,https://dg31sz3gwrwan.cloudfront.net/poster/325208/1236552-0-optimized.jpg,12,0,False,25,WorldEnd: What are you doing at the end of the world? Are you busy? Will you save us?
276,327014,Ended,https://dg31sz3gwrwan.cloudfront.net/poster/327014/1264240-0-optimized.jpg,24,0,False,25,Welcome to the Ballroom
277,327261,Continuing,https://dg31sz3gwrwan.cloudfront.net/poster/327261/1226329-0-optimized.jpg,60,0,False,5,Please Take My Brother Away
278,327417,Ended,https://dg31sz3gwrwan.cloudfront.net/poster/327417/62719942-0-optimized.jpg,41,36,False,65,Money Heist
280,328399,Ended,https://dg31sz3gwrwan.cloudfront.net/poster/328399/1270750-0-optimized.jpg,26,0,False,25,Mirai Nikki
281,329065,Ended,https://dg31sz3gwrwan.cloudfront.net/poster/329065/1208126-0-optimized.jpg,32,0,False,25,Castlevania
282,329822,Upcoming,https://dg31sz3gwrwan.cloudfront.net/poster/329822/1214104-0-optimized.jpg,12,0,False,25,Classroom of the Elite
283,330139,Ended,https://dg31sz3gwrwan.cloudfront.net/poster/330139/1258927-0-optimized.jpg,13,0,False,25,Violet Evergarden
284,331753,Continuing,https://dg31sz3gwrwan.cloudfront.net/poster/331753/1229187-0-optimized.jpg,170,0,False,25,Black Clover
285,331787,Ended,https://dg31sz3gwrwan.cloudfront.net/poster/331787/1236994-0-optimized.jpg,12,0,False,25,Land of the Lustrous
286,332159,Ended,https://dg31sz3gwrwan.cloudfront.net/poster/332159/1320611-0-optimized.jpg,12,0,False,24,Children of the Whales
287,332771,Ended,https://dg31sz3gwrwan.cloudfront.net/poster/332771/1226844-0-optimized.jpg,10,0,False,25,Recovery of an MMO Junkie
288,332981,Ended,https://dg31sz3gwrwan.cloudfront.net/poster/332981/1236470-0-optimized.jpg,12,0,False,25,King's Game: The Animation
289,333152,Ended,https://dg31sz3gwrwan.cloudfront.net/poster/333152/1222903-0-optimized.jpg,12,0,False,25,Kino's Journey: The Beautiful World
290,333709,Ended,https://dg31sz3gwrwan.cloudfront.net/poster/333709/1235390-0-optimized.jpg,12,0,False,25,Juni Taisen: Zodiac War
291,334824,Ended,https://dg31sz3gwrwan.cloudfront.net/poster/334824/1248817-0-optimized.jpg,26,0,False,51,Dark
292,335237,Ended,https://dg31sz3gwrwan.cloudfront.net/poster/335237/1253379-0-optimized.jpg,12,0,False,25,Junji Ito Collection
293,336404,Ended,https://dg31sz3gwrwan.cloudfront.net/poster/336404/1257642-0-optimized.jpg,12,0,False,25,Death March to the Parallel World Rhapsody
294,336480,Ended,https://dg31sz3gwrwan.cloudfront.net/poster/336480/1238857-0-optimized.jpg,12,0,False,25,Kokkoku
295,337017,Ended,https://dg31sz3gwrwan.cloudfront.net/poster/337017/1241538-0-optimized.jpg,24,0,False,25,DARLING in the FRANXX
296,337122,Ended,https://dg31sz3gwrwan.cloudfront.net/poster/337122/1257744-0-optimized.jpg,12,0,False,25,After the Rain
297,337936,Continuing,https://dg31sz3gwrwan.cloudfront.net/poster/337936/62934158-0-optimized.jpg,31,0,False,24,Teasing Master Takagi-san
298,338192,Ended,https://dg31sz3gwrwan.cloudfront.net/poster/338192/1259744-0-optimized.jpg,10,0,False,25,Devilman Crybaby
299,338455,Continuing,https://dg31sz3gwrwan.cloudfront.net/poster/338455/1270269-0-optimized.jpg,36,0,False,25,Golden Kamuy
300,338947,Ended,https://dg31sz3gwrwan.cloudfront.net/poster/338947/1288849-0-optimized.jpg,36,0,False,55,Chilling Adventures of Sabrina
301,339072,Ended,https://dg31sz3gwrwan.cloudfront.net/poster/339072/1265023-0-optimized.jpg,24,0,False,25,SWORD GAI The Animation
303,339353,Continuing,https://dg31sz3gwrwan.cloudfront.net/poster/339353/62535900-0-optimized.jpg,18,0,False,25,B: The Beginning
304,340890,Ended,https://dg31sz3gwrwan.cloudfront.net/poster/340890/1261989-0-optimized.jpg,12,0,False,25,A.I.C.O. -Incarnation-
305,341295,Ended,https://dg31sz3gwrwan.cloudfront.net/poster/341295/1294283-0-optimized.jpg,35,0,False,25,The Founder of Diabolism
307,341425,Ended,https://dg31sz3gwrwan.cloudfront.net/poster/341425/1277469-0-optimized.jpg,11,0,False,23,Wotakoi: Love Is Hard for Otaku
308,341434,Ended,https://dg31sz3gwrwan.cloudfront.net/poster/341434/1261691-0-optimized.jpg,12,0,False,25,Devils' Line
309,341998,Ended,https://dg31sz3gwrwan.cloudfront.net/poster/341998/1275066-0-optimized.jpg,12,0,False,25,Magical Girl Site
311,342181,Ended,https://dg31sz3gwrwan.cloudfront.net/poster/342181/1287952-0-optimized.jpg,24,0,False,25,The Piano Forest
312,343237,Continuing,https://dg31sz3gwrwan.cloudfront.net/poster/343237/1279590-0-optimized.jpg,24,0,False,25,Legend of the Galactic Heroes: Die Neue These
313,343384,Ended,https://dg31sz3gwrwan.cloudfront.net/poster/343384/1285630-0-optimized.jpg,24,0,False,25,Banana Fish
314,345596,Ended,https://dg31sz3gwrwan.cloudfront.net/poster/345596/1275964-0-optimized.jpg,13,0,False,25,Rascal Does Not Dream of Bunny Girl Senpai
316,347035,Ended,https://dg31sz3gwrwan.cloudfront.net/poster/347035/1288049-0-optimized.jpg,16,0,False,20,My Holy Weapon
317,347194,Ended,https://dg31sz3gwrwan.cloudfront.net/poster/347194/1321134-0-optimized.jpg,12,0,False,25,Happy Sugar Life
319,348065,Ended,https://dg31sz3gwrwan.cloudfront.net/poster/348065/1301131-0-optimized.jpg,13,0,False,25,Bloom Into You
320,348545,Continuing,https://dg31sz3gwrwan.cloudfront.net/poster/348545/1348360-0-optimized.jpg,44,26,False,24,Demon Slayer: Kimetsu no Yaiba
321,348742,Ended,https://dg31sz3gwrwan.cloudfront.net/poster/348742/1287759-0-optimized.jpg,51,0,False,25,Baki (2018)
323,350084,Ended,https://dg31sz3gwrwan.cloudfront.net/poster/350084/1294196-0-optimized.jpg,12,0,False,25,revisions
325,350166,Ended,https://dg31sz3gwrwan.cloudfront.net/poster/350166/1297983-0-optimized.jpg,12,0,False,25,Goblin Slayer
326,350399,Ended,https://dg31sz3gwrwan.cloudfront.net/poster/350399/63001712-0-optimized.jpg,52,0,False,25,She-Ra and the Princesses of Power
327,351953,Ended,https://dg31sz3gwrwan.cloudfront.net/poster/351953/1313468-0-optimized.jpg,24,0,False,24,Zombie Land Saga
329,352408,Continuing,https://dg31sz3gwrwan.cloudfront.net/poster/352408/62764111-0-optimized.jpg,48,0,False,24,That Time I Got Reincarnated as a Slime
330,352679,Ended,https://dg31sz3gwrwan.cloudfront.net/poster/352679/1306113-0-optimized.jpg,24,0,False,25,BAKUMATSU
332,353296,Ended,https://dg31sz3gwrwan.cloudfront.net/poster/353296/1309424-0-optimized.jpg,12,0,False,15,Voice of Fox
337,354170,Ended,https://dg31sz3gwrwan.cloudfront.net/poster/354170/1332368-0-optimized.jpg,12,0,False,25,Domestic Girlfriend
338,354179,Continuing,https://dg31sz3gwrwan.cloudfront.net/poster/354179/62242471-0-optimized.jpg,24,0,False,25,Kengan Ashura
339,354198,Continuing,https://dg31sz3gwrwan.cloudfront.net/poster/354198/62919764-0-optimized.jpg,24,0,False,24,Kaguya-sama: Love Is War
340,354602,Ended,https://dg31sz3gwrwan.cloudfront.net/poster/354602/1353519-0-optimized.jpg,12,0,False,25,Wise Man's Grandchild
341,355228,Continuing,https://dg31sz3gwrwan.cloudfront.net/poster/355228/62282395-0-optimized.jpg,12,0,False,55,Kingdom (2019)
344,356032,Ended,https://dg31sz3gwrwan.cloudfront.net/poster/356032/1322087-0-optimized.jpg,24,0,False,25,7Seeds
345,356574,Ended,https://dg31sz3gwrwan.cloudfront.net/poster/356574/62459491-0-optimized.jpg,32,0,False,24,Carmen Sandiego
346,357488,Ended,https://dg31sz3gwrwan.cloudfront.net/poster/357488/1351990-0-optimized.jpg,63,0,False,24,Fruits Basket (2019)
349,358180,Ended,https://dg31sz3gwrwan.cloudfront.net/poster/358180/1331552-0-optimized.jpg,13,0,False,25,Ultramarine Magmell
350,358331,Ended,https://dg31sz3gwrwan.cloudfront.net/poster/358331/1332309-0-optimized.jpg,12,0,False,25,Midnight Occult Civil Servants
351,358343,Ended,https://dg31sz3gwrwan.cloudfront.net/poster/358343/1332364-0-optimized.jpg,24,0,False,0,Kekkai Sensen
352,359274,Continuing,https://dg31sz3gwrwan.cloudfront.net/poster/359274/62953987-0-optimized.jpg,24,0,False,25,Vinland Saga
353,360261,Continuing,https://dg31sz3gwrwan.cloudfront.net/poster/360261/62951650-0-optimized.jpg,15,0,False,60,Euphoria (US)
354,360893,Ended,https://dg31sz3gwrwan.cloudfront.net/poster/360893/1357320-0-optimized.jpg,5,0,False,65,Chernobyl
355,361013,Continuing,https://dg31sz3gwrwan.cloudfront.net/poster/361013/62384422-0-optimized.jpg,24,0,False,23,Beastars
356,361140,Continuing,https://dg31sz3gwrwan.cloudfront.net/poster/361140/62346221-0-optimized.jpg,8,0,False,32,Blood of Zeus
357,361218,Ended,https://dg31sz3gwrwan.cloudfront.net/poster/361218/1374838-0-optimized.jpg,11,0,False,22,Given
358,361565,Continuing,https://dg31sz3gwrwan.cloudfront.net/poster/361565/63000202-0-optimized.jpg,16,0,False,52,See
359,361594,Continuing,https://dg31sz3gwrwan.cloudfront.net/poster/361594/62068578-0-optimized.jpg,20,0,False,50,Locke & Key
360,361713,Ended,https://dg31sz3gwrwan.cloudfront.net/poster/361713/62063493-0-optimized.jpg,12,0,False,25,The Ones Within
361,361753,Continuing,https://dg31sz3gwrwan.cloudfront.net/poster/361753/62327017-0-optimized.jpg,16,0,False,37,The Mandalorian
362,362148,Continuing,https://dg31sz3gwrwan.cloudfront.net/poster/362148/1352973-0-optimized.jpg,12,0,False,25,Shoumetsu Toshi
363,362696,Continuing,https://dg31sz3gwrwan.cloudfront.net/poster/362696/62003331-0-optimized.jpg,16,0,False,60,The Witcher
364,362774,Ended,https://dg31sz3gwrwan.cloudfront.net/poster/362774/1378587-0-optimized.jpg,14,0,False,49,Love Alarm
365,363048,Continuing,https://dg31sz3gwrwan.cloudfront.net/poster/363048/1357971-0-optimized.jpg,4,0,False,25,Philosopher's Grandson
366,363519,Ended,https://dg31sz3gwrwan.cloudfront.net/poster/363519/1359581-0-optimized.jpg,1,0,False,10,"The Girl from the Other Side: Siúil, a Rún"
368,365247,Ended,https://dg31sz3gwrwan.cloudfront.net/poster/365247/1367463-0-optimized.jpg,6,0,False,25,Zoku Owarimonogatari
369,365720,Ended,https://dg31sz3gwrwan.cloudfront.net/poster/365720/1394259-0-optimized.jpg,50,0,False,25,Ahiru no Sora
370,366460,Ended,https://dg31sz3gwrwan.cloudfront.net/poster/366460/1373312-0-optimized.jpg,12,0,False,23,BNA
371,367067,Ended,https://dg31sz3gwrwan.cloudfront.net/poster/367067/62061983-0-optimized.jpg,24,0,False,24,No Guns Life
372,367277,Ended,https://dg31sz3gwrwan.cloudfront.net/poster/367277/1391982-0-optimized.jpg,12,0,False,25,Azur Lane
374,368562,Ended,https://dg31sz3gwrwan.cloudfront.net/poster/368562/62044450-0-optimized.jpg,24,0,False,25,Plunderer
376,369048,Ended,https://dg31sz3gwrwan.cloudfront.net/poster/369048/62033214-0-optimized.jpg,12,0,False,24,Cautious Hero: The Hero Is Overpowered but Overly Cautious
377,369070,Ended,https://dg31sz3gwrwan.cloudfront.net/poster/369070/1388546-0-optimized.jpg,2,0,False,61,Black Hole Apocalypse
378,369141,Ended,https://dg31sz3gwrwan.cloudfront.net/poster/369141/1385235-0-optimized.jpg,12,0,False,25,Stars Align
379,369143,Ended,https://dg31sz3gwrwan.cloudfront.net/poster/369143/1385237-0-optimized.jpg,12,0,False,25,Babylon (2019)
380,369395,Ended,https://dg31sz3gwrwan.cloudfront.net/poster/369395/1392329-0-optimized.jpg,12,0,False,25,High School Prodigies Have It Easy Even in Another World!
381,369735,Ended,https://dg31sz3gwrwan.cloudfront.net/poster/369735/1390631-0-optimized.jpg,24,0,False,25,Blade of the Immortal (2019)
382,370761,Ended,https://dg31sz3gwrwan.cloudfront.net/poster/370761/1393696-0-optimized.jpg,12,0,False,25,Dorohedoro
383,370768,Ended,https://dg31sz3gwrwan.cloudfront.net/poster/370768/1393551-0-optimized.jpg,10,0,False,26,Japan Sinks: 2020
384,370769,Ended,https://dg31sz3gwrwan.cloudfront.net/poster/370769/62408370-0-optimized.jpg,12,0,False,25,Keep Your Hands Off Eizouken!
386,371028,Continuing,https://dg31sz3gwrwan.cloudfront.net/poster/371028/62867523-0-optimized.jpg,9,0,False,41,Arcane
387,371108,Ended,https://dg31sz3gwrwan.cloudfront.net/poster/371108/62358212-0-optimized.jpg,12,0,False,24,Adachi and Shimamura
388,371310,Ended,https://dg31sz3gwrwan.cloudfront.net/poster/371310/62986316-0-optimized.jpg,23,0,False,24,Mushoku Tensei: Jobless Reincarnation
389,371311,Ended,https://dg31sz3gwrwan.cloudfront.net/poster/371311/62376085-0-optimized.jpg,4,0,False,25,Eden (2021)
390,371436,Ended,https://dg31sz3gwrwan.cloudfront.net/poster/371436/62438006-0-optimized.jpg,12,0,False,24,Wandering Witch: The Journey of Elaina
391,371437,Ended,https://dg31sz3gwrwan.cloudfront.net/poster/371437/62128550-0-optimized.jpg,24,0,False,24,My Next Life as a Villainess: All Routes Lead to Doom!
392,372129,Ended,https://dg31sz3gwrwan.cloudfront.net/poster/372129/62029943-0-optimized.jpg,12,0,False,25,Hatena Illusion
394,372660,Ended,https://dg31sz3gwrwan.cloudfront.net/poster/372660/62136567-0-optimized.jpg,12,0,False,25,Arte
395,372833,Ended,https://dg31sz3gwrwan.cloudfront.net/poster/372833/62532485-0-optimized.jpg,12,0,False,24,Kakushigoto
396,372921,Ended,https://dg31sz3gwrwan.cloudfront.net/poster/372921/62025935-0-optimized.jpg,12,0,False,25,Somali And The Forest Spirit
397,373059,Continuing,https://dg31sz3gwrwan.cloudfront.net/poster/373059/62017201-0-optimized.jpg,100,76,False,150,Popcorn
398,373679,Continuing,https://dg31sz3gwrwan.cloudfront.net/poster/373679/62044440-0-optimized.jpg,12,0,False,25,"BOFURI: I Don’t Want to Get Hurt, so I’ll Max Out My Defense."
399,373680,Ended,https://dg31sz3gwrwan.cloudfront.net/poster/373680/62064249-0-optimized.jpg,12,0,False,25,Seton Academy: Join the Pack!
400,373881,Ended,https://dg31sz3gwrwan.cloudfront.net/poster/373881/62086193-0-optimized.jpg,8,0,False,55,Freud
401,374191,Continuing,https://dg31sz3gwrwan.cloudfront.net/poster/374191/62402432-0-optimized.jpg,70,0,False,24,Dragon Quest: The Adventure of Dai
402,374198,Ended,https://dg31sz3gwrwan.cloudfront.net/poster/374198/62343328-0-optimized.jpg,13,0,False,25,Gleipnir
404,375688,Continuing,https://dg31sz3gwrwan.cloudfront.net/poster/375688/62092789-0-optimized.jpg,12,0,False,25,Cagaster of an Insect Cage
405,375927,Continuing,https://dg31sz3gwrwan.cloudfront.net/poster/375927/62249286-0-optimized.jpg,13,0,False,24,The Misfit of Demon King Academy
406,376038,Ended,https://dg31sz3gwrwan.cloudfront.net/poster/376038/62129588-0-optimized.jpg,12,0,False,25,Shironeko Project: Zero Chronicle
407,376144,Ended,https://dg31sz3gwrwan.cloudfront.net/poster/376144/62188627-0-optimized.jpg,23,0,False,25,Great Pretender
408,376211,Ended,https://dg31sz3gwrwan.cloudfront.net/poster/376211/62114838-0-optimized.jpg,11,0,False,23,The Millionaire Detective – Balance: UNLIMITED
409,376729,Ended,https://dg31sz3gwrwan.cloudfront.net/poster/376729/62648110-0-optimized.jpg,13,0,False,25,Tower of God
410,376751,Continuing,https://dg31sz3gwrwan.cloudfront.net/poster/376751/62865954-0-optimized.jpg,27,0,False,18,The Daily Life of the Immortal King
411,377543,Continuing,https://dg31sz3gwrwan.cloudfront.net/poster/377543/62604628-0-optimized.jpg,24,0,False,24,Jujutsu Kaisen
412,377625,Ended,https://dg31sz3gwrwan.cloudfront.net/poster/377625/62402641-0-optimized.jpg,12,0,False,25,Onyx Equinox
413,377955,Ended,https://dg31sz3gwrwan.cloudfront.net/poster/377955/62220469-0-optimized.jpg,16,0,False,75,It's Okay to Not Be Okay
414,378166,Ended,https://dg31sz3gwrwan.cloudfront.net/poster/378166/62103554-0-optimized.jpg,28,0,False,45,REBORN
415,378556,Ended,https://dg31sz3gwrwan.cloudfront.net/poster/378556/62632948-0-optimized.jpg,13,0,False,25,The God of High School
416,378609,Continuing,https://dg31sz3gwrwan.cloudfront.net/poster/378609/62522581-0-optimized.jpg,21,0,False,24,86: Eighty Six
417,378878,Ended,https://dg31sz3gwrwan.cloudfront.net/poster/378878/62262204-0-optimized.jpg,12,0,False,24,Deca-Dence
418,378879,Ended,https://dg31sz3gwrwan.cloudfront.net/poster/378879/62632896-0-optimized.jpg,12,0,False,24,Akudama Drive
419,380654,Continuing,https://dg31sz3gwrwan.cloudfront.net/poster/380654/62244200-0-optimized.jpg,12,0,False,24,Rent-a-Girlfriend
420,380850,Continuing,https://dg31sz3gwrwan.cloudfront.net/poster/380850/62710093-0-optimized.jpg,16,0,False,36,Control Z
421,382868,Ended,https://dg31sz3gwrwan.cloudfront.net/poster/382868/62229786-0-optimized.jpg,12,0,False,25,Lapis Re:LiGHTs
422,383137,Ended,https://dg31sz3gwrwan.cloudfront.net/poster/383137/62916281-0-optimized.jpg,8,0,False,48,The Silent Sea
423,383518,Ended,https://dg31sz3gwrwan.cloudfront.net/poster/383518/62349002-0-optimized.jpg,24,0,False,24,I'm Standing on a Million Lives
424,383837,Continuing,https://dg31sz3gwrwan.cloudfront.net/poster/383837/62436825-0-optimized.jpg,43,38,False,24,Shaman King (2021)
425,384017,Ended,https://dg31sz3gwrwan.cloudfront.net/poster/384017/62244184-0-optimized.jpg,12,0,False,25,Mr Love: Queen's Choice
426,384485,Continuing,https://dg31sz3gwrwan.cloudfront.net/poster/384485/62348125-0-optimized.jpg,43,0,False,24,Yashahime: Princess Half-Demon
427,384757,Ended,https://dg31sz3gwrwan.cloudfront.net/poster/384757/62348105-0-optimized.jpg,12,0,False,24,The Day I Became a God
428,385314,Continuing,https://dg31sz3gwrwan.cloudfront.net/poster/385314/62906160-0-optimized.jpg,7,0,False,26,Dragon's Dogma
429,385374,Ended,https://dg31sz3gwrwan.cloudfront.net/poster/385374/62557688-0-optimized.jpg,12,0,False,24,The Slime Diaries: That Time I Got Reincarnated as a Slime
430,385542,Ended,https://dg31sz3gwrwan.cloudfront.net/poster/385542/62350132-0-optimized.jpg,24,0,False,23,Moriarty the Patriot
431,386191,Ended,https://dg31sz3gwrwan.cloudfront.net/poster/386191/62290637-0-optimized.jpg,12,0,False,24,Iwa Kakeru! Sport Climbing Girls
432,386714,Ended,https://dg31sz3gwrwan.cloudfront.net/poster/386714/62348551-0-optimized.jpg,13,0,False,24,Talentless Nana
433,386818,Ended,https://dg31sz3gwrwan.cloudfront.net/poster/386818/62323629-0-optimized.jpg,13,0,False,24,Noblesse
434,387115,Ended,https://dg31sz3gwrwan.cloudfront.net/poster/387115/62341664-0-optimized.jpg,7,0,False,60,The Queen's Gambit
435,387510,Ended,https://dg31sz3gwrwan.cloudfront.net/poster/387510/62407694-0-optimized.jpg,26,0,False,24,King's Raid: Successors of the Will
436,387840,Ended,https://dg31sz3gwrwan.cloudfront.net/poster/387840/62386563-0-optimized.jpg,12,0,False,24,Sleepy Princess in the Demon Castle
437,388574,Ended,https://dg31sz3gwrwan.cloudfront.net/poster/388574/62675909-0-optimized.jpg,12,0,False,24,The Dungeon of Black Company
438,388593,Ended,https://dg31sz3gwrwan.cloudfront.net/poster/388593/62449879-0-optimized.jpg,13,0,False,24,Horimiya
439,388643,Ended,https://dg31sz3gwrwan.cloudfront.net/poster/388643/62819693-0-optimized.jpg,12,0,False,24,Remake Our Life!
440,388645,Continuing,https://dg31sz3gwrwan.cloudfront.net/poster/388645/62480671-0-optimized.jpg,25,0,False,24,EDENS ZERO
441,388672,Continuing,https://dg31sz3gwrwan.cloudfront.net/poster/388672/62494083-0-optimized.jpg,11,0,False,24,Heaven Official's Blessing
442,388858,Ended,https://dg31sz3gwrwan.cloudfront.net/poster/388858/62436882-0-optimized.jpg,12,0,False,24,SK8 the Infinity
443,389422,Continuing,https://dg31sz3gwrwan.cloudfront.net/poster/389422/62669145-0-optimized.jpg,20,0,False,24,How a Realist Hero Rebuilt the Kingdom
444,389459,Ended,https://dg31sz3gwrwan.cloudfront.net/poster/389459/62530784-0-optimized.jpg,3,0,False,20,Burn the Witch
445,390028,Ended,https://dg31sz3gwrwan.cloudfront.net/poster/390028/62436893-0-optimized.jpg,12,0,False,23,Wonder Egg Priority
446,390382,Ended,https://dg31sz3gwrwan.cloudfront.net/poster/390382/62689914-0-optimized.jpg,12,0,False,24,Kemono Jihen
447,391005,Ended,https://dg31sz3gwrwan.cloudfront.net/poster/391005/62376058-0-optimized.jpg,10,0,False,17,The Way of the Househusband (2021)
448,391006,Continuing,https://dg31sz3gwrwan.cloudfront.net/poster/391006/62486147-0-optimized.jpg,12,0,False,25,High-Rise Invasion
449,391465,Ended,https://dg31sz3gwrwan.cloudfront.net/poster/391465/62485748-0-optimized.jpg,24,0,False,24,Back Arrow
450,391625,Continuing,https://dg31sz3gwrwan.cloudfront.net/poster/391625/62811484-0-optimized.jpg,18,0,False,23,Ranking of Kings
451,391736,Ended,https://dg31sz3gwrwan.cloudfront.net/poster/391736/62679067-0-optimized.jpg,12,0,False,24,Battle Game in 5 Seconds
452,392668,Ended,https://dg31sz3gwrwan.cloudfront.net/poster/392668/62543841-0-optimized.jpg,12,0,False,24,The World Ends With You: The Animation
453,393190,Ended,https://dg31sz3gwrwan.cloudfront.net/poster/393190/62810539-0-optimized.jpg,9,0,False,14,Star Wars: Visions
454,393243,Ended,https://dg31sz3gwrwan.cloudfront.net/poster/393243/62419713-0-optimized.jpg,12,0,False,24,WAVE!!: Let's Go Surfing!!
455,393478,Continuing,https://dg31sz3gwrwan.cloudfront.net/poster/393478/62563186-0-optimized.jpg,24,0,False,24,Tokyo Revengers
456,393810,Continuing,https://dg31sz3gwrwan.cloudfront.net/poster/393810/62659597-0-optimized.jpg,12,0,False,25,Record of Ragnarok
457,394013,Ended,https://dg31sz3gwrwan.cloudfront.net/poster/394013/62672304-0-optimized.jpg,13,0,False,24,The Honor at Magic High School
458,394340,Ended,https://dg31sz3gwrwan.cloudfront.net/poster/394340/62544578-0-optimized.jpg,12,0,False,24,Combatants Will Be Dispatched!
460,395198,Ended,https://dg31sz3gwrwan.cloudfront.net/poster/395198/62695110-0-optimized.jpg,24,0,False,24,The Aquatope on White Sand
461,395315,Ended,https://dg31sz3gwrwan.cloudfront.net/poster/395315/62572146-0-optimized.jpg,12,0,False,24,Super Cub
462,395486,Ended,https://dg31sz3gwrwan.cloudfront.net/poster/395486/62632995-0-optimized.jpg,12,0,False,24,"Girlfriend, Girlfriend"
463,396876,Continuing,https://dg31sz3gwrwan.cloudfront.net/poster/396876/62545185-0-optimized.jpg,13,0,False,24,Shadows House
464,396903,Ended,https://dg31sz3gwrwan.cloudfront.net/poster/396903/62564490-0-optimized.jpg,12,0,False,24,Burning Kabaddi
465,396983,Continuing,https://dg31sz3gwrwan.cloudfront.net/poster/396983/62505816-0-optimized.jpg,16,0,False,26,DOTA: Dragon's Blood
466,397197,Ended,https://dg31sz3gwrwan.cloudfront.net/poster/397197/62759298-0-optimized.jpg,12,0,False,24,The Detective Is Already Dead
467,397250,Ended,https://dg31sz3gwrwan.cloudfront.net/poster/397250/62519356-0-optimized.jpg,13,0,False,24,Mars Red
468,397774,Ended,https://dg31sz3gwrwan.cloudfront.net/poster/397774/62519288-0-optimized.jpg,13,0,False,24,Vivy: Fluorite Eye's Song
469,397831,Ended,https://dg31sz3gwrwan.cloudfront.net/poster/397831/62545819-0-optimized.jpg,12,0,False,24,The Saint's Magic Power Is Omnipotent
470,398083,Ended,https://dg31sz3gwrwan.cloudfront.net/poster/398083/62524611-0-optimized.jpg,12,0,False,24,Dragon Goes House-Hunting
472,398106,Ended,https://dg31sz3gwrwan.cloudfront.net/poster/398106/62549997-0-optimized.jpg,24,0,False,15,Let's Make a Mug Too
473,398387,Continuing,https://dg31sz3gwrwan.cloudfront.net/poster/398387/62982473-0-optimized.jpg,7,0,False,24,Sabikui Bisco
474,398544,Continuing,https://dg31sz3gwrwan.cloudfront.net/poster/398544/62680658-0-optimized.jpg,12,0,False,24,Seirei Gensouki: Spirit Chronicles
475,398555,Continuing,https://dg31sz3gwrwan.cloudfront.net/poster/398555/62676779-0-optimized.jpg,12,0,False,24,The Duke of Death and His Maid
477,399222,Ended,https://dg31sz3gwrwan.cloudfront.net/poster/399222/62677647-0-optimized.jpg,26,0,False,24,Scarlet Nexus
478,399902,Continuing,https://dg31sz3gwrwan.cloudfront.net/poster/399902/62766235-0-optimized.jpg,19,0,False,24,Platinum End
480,400133,Continuing,https://dg31sz3gwrwan.cloudfront.net/poster/400133/62937777-0-optimized.jpg,18,0,False,24,The Case Study of Vanitas
481,400245,Ended,https://dg31sz3gwrwan.cloudfront.net/poster/400245/62550339-0-optimized.jpg,12,0,False,5,Hetalia: World Stars
482,400512,Continuing,https://dg31sz3gwrwan.cloudfront.net/poster/400512/62679066-0-optimized.jpg,12,0,False,24,Love Live! Superstar!!
483,400584,Ended,https://dg31sz3gwrwan.cloudfront.net/poster/400584/62560398-0-optimized.jpg,12,0,False,24,Re-Main
484,400961,Continuing,https://dg31sz3gwrwan.cloudfront.net/poster/400961/62565173-0-optimized.jpg,7,0,False,24,The Genius Prince's Guide to Raising a Nation Out of Debt
485,401233,Continuing,https://dg31sz3gwrwan.cloudfront.net/poster/401233/62946963-0-optimized.jpg,7,0,False,24,My Dress-Up Darling
486,401234,Ended,https://dg31sz3gwrwan.cloudfront.net/poster/401234/62675910-0-optimized.jpg,13,0,False,24,Life Lessons with Uramichi Oniisan
488,401915,Continuing,https://dg31sz3gwrwan.cloudfront.net/poster/401915/62823856-0-optimized.jpg,12,0,False,24,The Faraway Paladin
489,401948,Ended,https://dg31sz3gwrwan.cloudfront.net/poster/401948/62810806-0-optimized.jpg,12,0,False,24,Sonny Boy
490,402033,Continuing,https://dg31sz3gwrwan.cloudfront.net/poster/402033/62594354-0-optimized.jpg,11,0,False,24,Link Click
492,402412,Continuing,https://dg31sz3gwrwan.cloudfront.net/poster/402412/62818571-0-optimized.jpg,12,0,False,24,Komi Can't Communicate
493,402475,Continuing,https://dg31sz3gwrwan.cloudfront.net/poster/402475/62725976-0-optimized.jpg,7,0,False,24,Orient
494,404886,Continuing,https://dg31sz3gwrwan.cloudfront.net/poster/404886/62968182-0-optimized.jpg,7,0,False,24,Sasaki and Miyano
495,405661,Ended,https://dg31sz3gwrwan.cloudfront.net/poster/405661/62953742-0-optimized.jpg,12,0,False,24,takt op.Destiny
496,406168,Continuing,https://dg31sz3gwrwan.cloudfront.net/poster/406168/62900098-0-optimized.jpg,6,0,False,24,Love of Kill
497,410047,Ended,https://dg31sz3gwrwan.cloudfront.net/poster/410047/62834470-0-optimized.jpg,4,0,False,68,The Billion Dollar Code
498,410658,Continuing,https://dg31sz3gwrwan.cloudfront.net/poster/410658/62837040-0-optimized.jpg,6,0,False,36,Orelsan: Never Show This to Anyone
499,412365,Continuing,https://dg31sz3gwrwan.cloudfront.net/poster/412365/62901695-0-optimized.jpg,30,0,False,30,The Soul of Discovery VII - Elden Ring
